<?xml version="1.0" encoding="UTF-8"?>
<!-- Generated by eXe - http://exelearning.net -->
<manifest identifier="eXePLITUD_OVA63d2d734277aa8327b1" xmlns="http://www.imsproject.org/xsd/imscp_rootv1p1p2" xmlns:adlcp="http://www.adlnet.org/xsd/adlcp_rootv1p2" xmlns:imsmd="http://www.imsglobal.org/xsd/imsmd_v1p2" xmlns:xsi="http://www.w3.org/2001/XMLSchema-instance" xsi:schemaLocation="http://www.imsproject.org/xsd/imscp_rootv1p1p2 imscp_rootv1p1p2.xsd http://www.imsglobal.org/xsd/imsmd_rootv1p2p1 imsmd_rootv1p2p1.xsd http://www.adlnet.org/xsd/adlcp_rootv1p2 adlcp_rootv1p2.xsd" > 
<metadata> 
 <schema>ADL SCORM</schema> 
 <schemaversion>1.2</schemaversion> 
 <adlcp:location>imslrm.xml</adlcp:location> 
</metadata> 
<organizations default="eXePLITUD_OVA63d2d734277aa8327b2">  
    <organization identifier="eXePLITUD_OVA63d2d734277aa8327b2" structure="hierarchical">
        <title>Ondas sonoras</title>
<item identifier="ITEM-eXePLITUD_OVA63d2d734277aa8327b3" isvisible="true" identifierref="RES-eXePLITUD_OVA63d2d734277aa8327b4">
    <title>Introducción a la Envolvente de amplitud</title>
<item identifier="ITEM-eXePLITUD_OVA63d2d734277aa8327b5" isvisible="true" identifierref="RES-eXePLITUD_OVA63d2d734277aa8327b6">
    <title>Explicación</title>
</item>
<item identifier="ITEM-eXePLITUD_OVA63d2d734277aa8327c7" isvisible="true" identifierref="RES-eXePLITUD_OVA63d2d734277aa8327c8">
    <title>Video</title>
</item>
<item identifier="ITEM-eXePLITUD_OVA63d2d734277aa8327c9" isvisible="true" identifierref="RES-eXePLITUD_OVA63d2d734277aa8327ca">
    <title>Hazlo Tú</title>
</item>
<item identifier="ITEM-eXePLITUD_OVA63d2d734277aa8327db" isvisible="true" identifierref="RES-eXePLITUD_OVA63d2d734277aa8327dc">
    <title>Resumen</title>
</item>
</item>
  </organization>
</organizations>
<resources>
  <resource identifier="RES-eXePLITUD_OVA63d2d734277aa8327b4" type="webcontent" adlcp:scormtype="sco" href="index.html"> 
    <file href="index.html"/> 
    <file href="exe_html5.js"/>
    <file href="envolventedeamplitud.png"/>
    <dependency identifierref="COMMON_FILES"/>
  </resource>
  <resource identifier="RES-eXePLITUD_OVA63d2d734277aa8327b6" type="webcontent" adlcp:scormtype="sco" href="explicacin.html"> 
    <file href="explicacin.html"/> 
    <file href="exe_html5.js"/>
    <file href="controlador_midi.png"/>
    <file href="espectropiano.png"/>
    <file href="espectrotrompeta.png"/>
    <file href="envolvente_adsr.png"/>
    <file href="espectrobombo.png"/>
    <file href="exe_tooltips.js"/>
    <file href="imagesloaded.pkg.min.js"/>
    <file href="jquery.qtip.min.css"/>
    <file href="jquery.qtip.min.js"/>
    <file href="exe_lightbox.css"/>
    <file href="exe_lightbox.js"/>
    <file href="exe_lightbox_default_thumb.png"/>
    <file href="exe_lightbox_loader.gif"/>
    <file href="exe_lightbox_sprite.png"/>
    <file href="exe_lightbox_sprite_next.png"/>
    <file href="exe_lightbox_sprite_prev.png"/>
    <file href="exe_lightbox_sprite_x.png"/>
    <file href="exe_lightbox_sprite_y.png"/>
    <dependency identifierref="COMMON_FILES"/>
  </resource>
  <resource identifier="RES-eXePLITUD_OVA63d2d734277aa8327c8" type="webcontent" adlcp:scormtype="sco" href="video.html"> 
    <file href="video.html"/> 
    <file href="exe_html5.js"/>
    <dependency identifierref="COMMON_FILES"/>
  </resource>
  <resource identifier="RES-eXePLITUD_OVA63d2d734277aa8327ca" type="webcontent" adlcp:scormtype="sco" href="hazlo_t.html"> 
    <file href="hazlo_t.html"/> 
    <file href="exe_html5.js"/>
    <file href="exe_effects.css"/>
    <file href="exe_effects.js"/>
    <dependency identifierref="COMMON_FILES"/>
  </resource>
  <resource identifier="RES-eXePLITUD_OVA63d2d734277aa8327dc" type="webcontent" adlcp:scormtype="sco" href="resumen.html"> 
    <file href="resumen.html"/> 
    <file href="exe_html5.js"/>
    <file href="Cerebro_escuchando_musica.png"/>
    <dependency identifierref="COMMON_FILES"/>
  </resource>
  <resource identifier="COMMON_FILES" type="webcontent" adlcp:scormtype="asset">
    <file href="Atkinson-Hyperlegible-Regular-102a.woff2"/>
    <file href="config.xml"/>
    <file href="content.css"/>
    <file href="icon_emociones.svg"/>
    <file href="icon_udl_eng_aprenderaprender.svg"/>
    <file href="icon_udl_eng_culturales.svg"/>
    <file href="icon_udl_eng_curiosidad.svg"/>
    <file href="icon_udl_eng_descarga.svg"/>
    <file href="icon_udl_eng_objetivos.svg"/>
    <file href="icon_udl_eng_orientaciones.svg"/>
    <file href="icon_udl_eng_reto.svg"/>
    <file href="icon_udl_eng_rss.svg"/>
    <file href="icon_udl_eng_rubrica.svg"/>
    <file href="icon_udl_eng_saber.svg"/>
    <file href="icon_udl_eng_temporalizacion.svg"/>
    <file href="icon_udl_exp_actividad.svg"/>
    <file href="icon_udl_exp_canto.svg"/>
    <file href="icon_udl_exp_competenciadigital.svg"/>
    <file href="icon_udl_exp_coproduccionoral.svg"/>
    <file href="icon_udl_exp_coproducciontxt.svg"/>
    <file href="icon_udl_exp_cuestionario.svg"/>
    <file href="icon_udl_exp_debate.svg"/>
    <file href="icon_udl_exp_ejercicio.svg"/>
    <file href="icon_udl_exp_escribe.svg"/>
    <file href="icon_udl_exp_escucha.svg"/>
    <file href="icon_udl_exp_graba.svg"/>
    <file href="icon_udl_exp_grupoheterogeneo.svg"/>
    <file href="icon_udl_exp_grupohomogeneo.svg"/>
    <file href="icon_udl_exp_habla.svg"/>
    <file href="icon_udl_exp_interactivo.svg"/>
    <file href="icon_udl_exp_juego.svg"/>
    <file href="icon_udl_exp_lee.svg"/>
    <file href="icon_udl_exp_lenguasignos.svg"/>
    <file href="icon_udl_exp_manipula.svg"/>
    <file href="icon_udl_exp_mediacion.svg"/>
    <file href="icon_udl_exp_musica.svg"/>
    <file href="icon_udl_exp_practicamusical.svg"/>
    <file href="icon_udl_exp_tarea.svg"/>
    <file href="icon_udl_exp_tareagrupal.svg"/>
    <file href="icon_udl_rep_adjunto.svg"/>
    <file href="icon_udl_rep_apoyovisual.svg"/>
    <file href="icon_udl_rep_caso.svg"/>
    <file href="icon_udl_rep_conocer.svg"/>
    <file href="icon_udl_rep_destacado.svg"/>
    <file href="icon_udl_rep_ejemplo.svg"/>
    <file href="icon_udl_rep_escucha.svg"/>
    <file href="icon_udl_rep_fonetica.svg"/>
    <file href="icon_udl_rep_galeria.svg"/>
    <file href="icon_udl_rep_gramatica.svg"/>
    <file href="icon_udl_rep_importante.svg"/>
    <file href="icon_udl_rep_informarse.svg"/>
    <file href="icon_udl_rep_lecturafacil.svg"/>
    <file href="icon_udl_rep_lee.svg"/>
    <file href="icon_udl_rep_lenguasignos.svg"/>
    <file href="icon_udl_rep_mediar.svg"/>
    <file href="icon_udl_rep_nota.svg"/>
    <file href="icon_udl_rep_pasos.svg"/>
    <file href="icon_udl_rep_recomienda.svg"/>
    <file href="icon_udl_rep_redessemanticas.svg"/>
    <file href="icon_udl_rep_reflexion.svg"/>
    <file href="icon_udl_rep_reproduccion.svg"/>
    <file href="icon_udl_rep_vocabulario.svg"/>
    <file href="nav.css"/>
    <file href="_style_bg.png"/>
    <file href="_style_icons.png"/>
    <file href="_style_js.js"/>
    <file href="_style_left_column.gif"/>
    <file href="_style_licenses.gif"/>
    <file href="_style_logo.png"/>
    <file href="_style_menu.gif"/>
    <file href="_style_nav_icons.png"/>
    <file href="base.css"/>
    <file href="popup_bg.gif"/>
    <file href="exe_powered_logo.png"/>
    <file href="SCORM_API_wrapper.js"/>
    <file href="SCOFunctions.js"/>
    <file href="common.js"/>
    <file href="common_i18n.js"/>
    <file href="exe_jquery.js"/>
    <file href="content.xsd"/>
    <file href="content.data"/>
    <file href="contentv3.xml"/>
    <file href="imslrm.xml"/>
  </resource>
</resources>
</manifest>
