<?xml version="1.0" encoding="UTF-8"?>
<!-- Generated by eXe - http://exelearning.net -->
<manifest identifier="eXeADORES_OVA63d2d734277aa829a61" xmlns="http://www.imsproject.org/xsd/imscp_rootv1p1p2" xmlns:adlcp="http://www.adlnet.org/xsd/adlcp_rootv1p2" xmlns:imsmd="http://www.imsglobal.org/xsd/imsmd_v1p2" xmlns:xsi="http://www.w3.org/2001/XMLSchema-instance" xsi:schemaLocation="http://www.imsproject.org/xsd/imscp_rootv1p1p2 imscp_rootv1p1p2.xsd http://www.imsglobal.org/xsd/imsmd_rootv1p2p1 imsmd_rootv1p2p1.xsd http://www.adlnet.org/xsd/adlcp_rootv1p2 adlcp_rootv1p2.xsd" > 
<metadata> 
 <schema>ADL SCORM</schema> 
 <schemaversion>1.2</schemaversion> 
 <adlcp:location>imslrm.xml</adlcp:location> 
</metadata> 
<organizations default="eXeADORES_OVA63d2d734277aa829a62">  
    <organization identifier="eXeADORES_OVA63d2d734277aa829a62" structure="hierarchical">
        <title>OSCILADORES OVA</title>
<item identifier="ITEM-eXeADORES_OVA63d2d734277aa829a63" isvisible="true" identifierref="RES-eXeADORES_OVA63d2d734277aa829a64">
    <title>Introducción a las Osciladores</title>
<item identifier="ITEM-eXeADORES_OVA63d2d734277aa829a65" isvisible="true" identifierref="RES-eXeADORES_OVA63d2d734277aa829a66">
    <title>Explicación</title>
</item>
<item identifier="ITEM-eXeADORES_OVA63d2d734277aa829a77" isvisible="true" identifierref="RES-eXeADORES_OVA63d2d734277aa829a78">
    <title>Combinando y apliando ondas de osciladores</title>
</item>
<item identifier="ITEM-eXeADORES_OVA63d2d734277aa829a79" isvisible="true" identifierref="RES-eXeADORES_OVA63d2d734277aa829a7a">
    <title>Video</title>
</item>
<item identifier="ITEM-eXeADORES_OVA63d2d734277aa829a7b" isvisible="true" identifierref="RES-eXeADORES_OVA63d2d734277aa829a7c">
    <title>Hazlo Tú</title>
<item identifier="ITEM-eXeADORES_OVA63d2d734277aa829a8d" isvisible="true" identifierref="RES-eXeADORES_OVA63d2d734277aa829a8e">
    <title>Síntesis aditiva</title>
</item>
<item identifier="ITEM-eXeADORES_OVA63d2d734277aa829a8f" isvisible="true" identifierref="RES-eXeADORES_OVA63d2d734277aa829a810">
    <title>Síntesis FM</title>
</item>
</item>
<item identifier="ITEM-eXeADORES_OVA63d2d734277aa829a811" isvisible="true" identifierref="RES-eXeADORES_OVA63d2d734277aa829a812">
    <title>Resumen</title>
</item>
</item>
  </organization>
</organizations>
<resources>
  <resource identifier="RES-eXeADORES_OVA63d2d734277aa829a64" type="webcontent" adlcp:scormtype="sco" href="index.html"> 
    <file href="index.html"/> 
    <file href="exe_html5.js"/>
    <file href="knob.png"/>
    <dependency identifierref="COMMON_FILES"/>
  </resource>
  <resource identifier="RES-eXeADORES_OVA63d2d734277aa829a66" type="webcontent" adlcp:scormtype="sco" href="explicacin.html"> 
    <file href="explicacin.html"/> 
    <file href="exe_html5.js"/>
    <file href="osciladorpinknoise.png"/>
    <file href="oscilatorwavetable.jpg"/>
    <file href="osciladortipodeonda.jpg"/>
    <file href="osciladorlfo.png"/>
    <file href="oscbank.png"/>
    <file href="exe_tooltips.js"/>
    <file href="imagesloaded.pkg.min.js"/>
    <file href="jquery.qtip.min.css"/>
    <file href="jquery.qtip.min.js"/>
    <dependency identifierref="COMMON_FILES"/>
  </resource>
  <resource identifier="RES-eXeADORES_OVA63d2d734277aa829a78" type="webcontent" adlcp:scormtype="sco" href="combinando_y_apliando_ondas_de_osciladores.html"> 
    <file href="combinando_y_apliando_ondas_de_osciladores.html"/> 
    <file href="exe_html5.js"/>
    <file href="sintesis_fm.png"/>
    <file href="sintesis_aditiva.png"/>
    <file href="combinandoosciladoresforma2.png"/>
    <file href="combinandoosciladoresforma1.png"/>
    <dependency identifierref="COMMON_FILES"/>
  </resource>
  <resource identifier="RES-eXeADORES_OVA63d2d734277aa829a7a" type="webcontent" adlcp:scormtype="sco" href="video.html"> 
    <file href="video.html"/> 
    <file href="exe_html5.js"/>
    <dependency identifierref="COMMON_FILES"/>
  </resource>
  <resource identifier="RES-eXeADORES_OVA63d2d734277aa829a7c" type="webcontent" adlcp:scormtype="sco" href="hazlo_t.html"> 
    <file href="hazlo_t.html"/> 
    <file href="exe_html5.js"/>
    <dependency identifierref="COMMON_FILES"/>
  </resource>
  <resource identifier="RES-eXeADORES_OVA63d2d734277aa829a8e" type="webcontent" adlcp:scormtype="sco" href="sntesis_aditiva.html"> 
    <file href="sntesis_aditiva.html"/> 
    <file href="exe_html5.js"/>
    <file href="exe_lightbox.css"/>
    <file href="exe_lightbox.js"/>
    <file href="exe_lightbox_default_thumb.png"/>
    <file href="exe_lightbox_loader.gif"/>
    <file href="exe_lightbox_sprite.png"/>
    <file href="exe_lightbox_sprite_next.png"/>
    <file href="exe_lightbox_sprite_prev.png"/>
    <file href="exe_lightbox_sprite_x.png"/>
    <file href="exe_lightbox_sprite_y.png"/>
    <file href="exe_effects.css"/>
    <file href="exe_effects.js"/>
    <dependency identifierref="COMMON_FILES"/>
  </resource>
  <resource identifier="RES-eXeADORES_OVA63d2d734277aa829a810" type="webcontent" adlcp:scormtype="sco" href="sntesis_fm.html"> 
    <file href="sntesis_fm.html"/> 
    <file href="exe_html5.js"/>
    <file href="exe_lightbox.css"/>
    <file href="exe_lightbox.js"/>
    <file href="exe_lightbox_default_thumb.png"/>
    <file href="exe_lightbox_loader.gif"/>
    <file href="exe_lightbox_sprite.png"/>
    <file href="exe_lightbox_sprite_next.png"/>
    <file href="exe_lightbox_sprite_prev.png"/>
    <file href="exe_lightbox_sprite_x.png"/>
    <file href="exe_lightbox_sprite_y.png"/>
    <file href="exe_effects.css"/>
    <file href="exe_effects.js"/>
    <dependency identifierref="COMMON_FILES"/>
  </resource>
  <resource identifier="RES-eXeADORES_OVA63d2d734277aa829a812" type="webcontent" adlcp:scormtype="sco" href="resumen.html"> 
    <file href="resumen.html"/> 
    <file href="exe_html5.js"/>
    <file href="Cerebro_escuchando_musica.png"/>
    <dependency identifierref="COMMON_FILES"/>
  </resource>
  <resource identifier="COMMON_FILES" type="webcontent" adlcp:scormtype="asset">
    <file href="Atkinson-Hyperlegible-Regular-102a.woff2"/>
    <file href="config.xml"/>
    <file href="content.css"/>
    <file href="icon_emociones.svg"/>
    <file href="icon_udl_eng_aprenderaprender.svg"/>
    <file href="icon_udl_eng_culturales.svg"/>
    <file href="icon_udl_eng_curiosidad.svg"/>
    <file href="icon_udl_eng_descarga.svg"/>
    <file href="icon_udl_eng_objetivos.svg"/>
    <file href="icon_udl_eng_orientaciones.svg"/>
    <file href="icon_udl_eng_reto.svg"/>
    <file href="icon_udl_eng_rss.svg"/>
    <file href="icon_udl_eng_rubrica.svg"/>
    <file href="icon_udl_eng_saber.svg"/>
    <file href="icon_udl_eng_temporalizacion.svg"/>
    <file href="icon_udl_exp_actividad.svg"/>
    <file href="icon_udl_exp_canto.svg"/>
    <file href="icon_udl_exp_competenciadigital.svg"/>
    <file href="icon_udl_exp_coproduccionoral.svg"/>
    <file href="icon_udl_exp_coproducciontxt.svg"/>
    <file href="icon_udl_exp_cuestionario.svg"/>
    <file href="icon_udl_exp_debate.svg"/>
    <file href="icon_udl_exp_ejercicio.svg"/>
    <file href="icon_udl_exp_escribe.svg"/>
    <file href="icon_udl_exp_escucha.svg"/>
    <file href="icon_udl_exp_graba.svg"/>
    <file href="icon_udl_exp_grupoheterogeneo.svg"/>
    <file href="icon_udl_exp_grupohomogeneo.svg"/>
    <file href="icon_udl_exp_habla.svg"/>
    <file href="icon_udl_exp_interactivo.svg"/>
    <file href="icon_udl_exp_juego.svg"/>
    <file href="icon_udl_exp_lee.svg"/>
    <file href="icon_udl_exp_lenguasignos.svg"/>
    <file href="icon_udl_exp_manipula.svg"/>
    <file href="icon_udl_exp_mediacion.svg"/>
    <file href="icon_udl_exp_musica.svg"/>
    <file href="icon_udl_exp_practicamusical.svg"/>
    <file href="icon_udl_exp_tarea.svg"/>
    <file href="icon_udl_exp_tareagrupal.svg"/>
    <file href="icon_udl_rep_adjunto.svg"/>
    <file href="icon_udl_rep_apoyovisual.svg"/>
    <file href="icon_udl_rep_caso.svg"/>
    <file href="icon_udl_rep_conocer.svg"/>
    <file href="icon_udl_rep_destacado.svg"/>
    <file href="icon_udl_rep_ejemplo.svg"/>
    <file href="icon_udl_rep_escucha.svg"/>
    <file href="icon_udl_rep_fonetica.svg"/>
    <file href="icon_udl_rep_galeria.svg"/>
    <file href="icon_udl_rep_gramatica.svg"/>
    <file href="icon_udl_rep_importante.svg"/>
    <file href="icon_udl_rep_informarse.svg"/>
    <file href="icon_udl_rep_lecturafacil.svg"/>
    <file href="icon_udl_rep_lee.svg"/>
    <file href="icon_udl_rep_lenguasignos.svg"/>
    <file href="icon_udl_rep_mediar.svg"/>
    <file href="icon_udl_rep_nota.svg"/>
    <file href="icon_udl_rep_pasos.svg"/>
    <file href="icon_udl_rep_recomienda.svg"/>
    <file href="icon_udl_rep_redessemanticas.svg"/>
    <file href="icon_udl_rep_reflexion.svg"/>
    <file href="icon_udl_rep_reproduccion.svg"/>
    <file href="icon_udl_rep_vocabulario.svg"/>
    <file href="nav.css"/>
    <file href="_style_bg.png"/>
    <file href="_style_icons.png"/>
    <file href="_style_js.js"/>
    <file href="_style_left_column.gif"/>
    <file href="_style_licenses.gif"/>
    <file href="_style_logo.png"/>
    <file href="_style_menu.gif"/>
    <file href="_style_nav_icons.png"/>
    <file href="base.css"/>
    <file href="popup_bg.gif"/>
    <file href="exe_powered_logo.png"/>
    <file href="SCORM_API_wrapper.js"/>
    <file href="SCOFunctions.js"/>
    <file href="common.js"/>
    <file href="common_i18n.js"/>
    <file href="exe_jquery.js"/>
    <file href="content.xsd"/>
    <file href="content.data"/>
    <file href="contentv3.xml"/>
    <file href="imslrm.xml"/>
  </resource>
</resources>
</manifest>
